label	domain	era
Geobiology	earth	industrial-modern
Geochemistry	earth	industrial-modern
Geochronology	earth	industrial-modern
Geohydrology	earth	industrial-modern
Geomathematics	earth	industrial-modern
Geomechanics	earth	industrial-modern
Geometallurgy	earth	industrial-modern
Geomorphology	earth	industrial-modern
Geopedology	earth	industrial-modern
Geophysiology	earth	industrial-modern
Geoseismology	earth	industrial-modern
Glaciology	earth	industrial-modern
Hydrogeology	earth	industrial-modern
Hydrology	earth	industrial-modern
Limnology	earth	industrial-modern
Meteorology	earth	industrial-modern
Mineralogy	earth	industrial-modern
Oceanology	earth	industrial-modern
Paleoclimatology	earth	industrial-modern
Paleoecology	earth	industrial-modern
Paleogeology	earth	industrial-modern
Paleontology	earth	industrial-modern
Petrology	earth	industrial-modern
Sedimentology	earth	industrial-modern
Seismology	earth	industrial-modern
Soil ecology	earth	industrial-modern
Speleology	earth	industrial-modern
Stratigraphy	earth	industrial-modern
Tectonophysics	earth	industrial-modern
Volcanology	earth	industrial-modern
Bionics	engineering	twentieth
Biotechnology	engineering	twentieth
Ecotechnology	engineering	twentieth
Geotechnology	engineering	twentieth
Mechatronics	engineering	twentieth
Metrology	engineering	twentieth
Nanotechnology	engineering	twentieth
Radiotechnology	engineering	twentieth
Seismotechnology	engineering	twentieth
Category theory	formal	industrial-modern
Cohomology	formal	industrial-modern
Complexity theory	formal	industrial-modern
Graph theory	formal	industrial-modern
Homology	formal	industrial-modern
Model theory	formal	industrial-modern
Proof theory	formal	industrial-modern
Topology	formal	industrial-modern
Andrology	health	industrial-modern
Angiology	health	industrial-modern
Audiology	health	industrial-modern
Cardiology	health	industrial-modern
Dermatology	health	industrial-modern
Diabetology	health	industrial-modern
Endocrinology	health	industrial-modern
Gastroenterology	health	industrial-modern
Gerontology	health	industrial-modern
Gynecology	health	industrial-modern
Hematology	health	industrial-modern
Hepatology	health	industrial-modern
Immunopathology	health	industrial-modern
Neonatology	health	industrial-modern
Nephrology	health	industrial-modern
Neurology	health	industrial-modern
Neuropathology	health	industrial-modern
Nosology	health	industrial-modern
Oncology	health	industrial-modern
Ophthalmology	health	industrial-modern
Otology	health	industrial-modern
Pathology	health	industrial-modern
Pharmacology	health	industrial-modern
Phlebology	health	industrial-modern
Pneumology	health	industrial-modern
Proctology	health	industrial-modern
Psychopharmacology	health	industrial-modern
Radiology	health	industrial-modern
Rheumatology	health	industrial-modern
Serology	health	industrial-modern
Somnology	health	industrial-modern
Thanatology	health	industrial-modern
Toxicology	health	industrial-modern
Traumatology	health	industrial-modern
Urology	health	industrial-modern
Assyriology	humanities	industrial-modern
Axiology	humanities	industrial-modern
Bibliology	humanities	industrial-modern
Christology	humanities	industrial-modern
Chronology	humanities	industrial-modern
Codicology	humanities	industrial-modern
Demonology	humanities	industrial-modern
Doxology	humanities	industrial-modern
Egyptology	humanities	industrial-modern
Epistemology	humanities	industrial-modern
Eschatology	humanities	industrial-modern
Etymology	humanities	industrial-modern
Genealogy	humanities	industrial-modern
Hagiology	humanities	industrial-modern
Iconology	humanities	industrial-modern
Lexicology	humanities	industrial-modern
Museology	humanities	industrial-modern
Musicology	humanities	industrial-modern
Mythology	humanities	industrial-modern
Narratology	humanities	industrial-modern
Numismatology	humanities	industrial-modern
Onomasiology	humanities	industrial-modern
Ontology	humanities	industrial-modern
Paleography	humanities	industrial-modern
Papyrology	humanities	industrial-modern
Philology	humanities	industrial-modern
Phraseology	humanities	industrial-modern
Semiology	humanities	industrial-modern
Sinology	humanities	industrial-modern
Terminology	humanities	industrial-modern
Theology	humanities	industrial-modern
Typology	humanities	industrial-modern
Cognitive psychology	information	twentieth
Computational biology	information	twentieth
Computational epistemology	information	twentieth
Computational sociology	information	twentieth
Cyberpsychology	information	twentieth
Information ecology	information	twentieth
Knowledge ecology	information	twentieth
Methodology	information	twentieth
Neuroethology	information	twentieth
Neurolinguistics	information	twentieth
Ontology engineering	information	twentieth
Psycholinguistics	information	twentieth
Scientology studies	information	twentieth
Sociolinguistics	information	twentieth
Aerobiology	life	industrial-modern
Agrobiology	life	industrial-modern
Anatomobiology	life	industrial-modern
Arachnology	life	industrial-modern
Astrobiology	life	industrial-modern
Bacteriology	life	industrial-modern
Biogeology	life	industrial-modern
Biogerontology	life	industrial-modern
Biosemiotics	life	industrial-modern
Bryology	life	industrial-modern
Carcinology	life	industrial-modern
Cell biology	life	industrial-modern
Chronobiology	life	industrial-modern
Cryobiology	life	industrial-modern
Cytology	life	industrial-modern
Dendrology	life	industrial-modern
Developmental biology	life	industrial-modern
Embryology	life	industrial-modern
Entomology	life	industrial-modern
Enzymology	life	industrial-modern
Ethology	life	industrial-modern
Evolutionary biology	life	industrial-modern
Genomics	life	industrial-modern
Glycobiology	life	industrial-modern
Helminthology	life	industrial-modern
Herpetology	life	industrial-modern
Histology	life	industrial-modern
Ichthyology	life	industrial-modern
Immunology	life	industrial-modern
Lichenology	life	industrial-modern
Malacology	life	industrial-modern
Mammalogy	life	industrial-modern
Marine biology	life	industrial-modern
Microbial ecology	life	industrial-modern
Molecular ecology	life	industrial-modern
Morphology	life	industrial-modern
Mycology	life	industrial-modern
Nematology	life	industrial-modern
Neurobiology	life	industrial-modern
Ornithology	life	industrial-modern
Parasitology	life	industrial-modern
Pathobiology	life	industrial-modern
Pharmacognosy	life	industrial-modern
Phycology	life	industrial-modern
Physiology	life	industrial-modern
Phytology	life	industrial-modern
Plant ecology	life	industrial-modern
Population biology	life	industrial-modern
Primatology	life	industrial-modern
Proteomics	life	industrial-modern
Protozoology	life	industrial-modern
Sociobiology	life	industrial-modern
Systematics	life	industrial-modern
Teratology	life	industrial-modern
Virology	life	industrial-modern
Xenobiology	life	industrial-modern
Zoogeography	life	industrial-modern
Zoology	life	industrial-modern
Astrogeology	physical	industrial-modern
Astrometeorology	physical	industrial-modern
Crystallology	physical	industrial-modern
Electrology	physical	industrial-modern
Magnetohydrodynamics	physical	industrial-modern
Nanotechnology studies	physical	industrial-modern
Photobiology	physical	industrial-modern
Plasma cosmology	physical	industrial-modern
Radiobiology	physical	industrial-modern
Rheology	physical	industrial-modern
Sonology	physical	industrial-modern
Spectrology	physical	industrial-modern
Thermology	physical	industrial-modern
Tribology	physical	industrial-modern
Behavioral ecology	social	industrial-modern
Criminology	social	industrial-modern
Demography	social	industrial-modern
Developmental psychology	social	industrial-modern
Ethnology	social	industrial-modern
Ethnomethodology	social	industrial-modern
Futurology	social	industrial-modern
Human ecology	social	industrial-modern
Ideology studies	social	industrial-modern
Industrial psychology	social	industrial-modern
Media ecology	social	industrial-modern
Music sociology	social	industrial-modern
Neuropsychology	social	industrial-modern
Organizational psychology	social	industrial-modern
Phenomenology of social life	social	industrial-modern
Political psychology	social	industrial-modern
Political sociology	social	industrial-modern
Psephology	social	industrial-modern
Psychobiology	social	industrial-modern
Psychopathology	social	industrial-modern
Reflexology	social	industrial-modern
Rural sociology	social	industrial-modern
Sexology	social	industrial-modern
Social psychology	social	industrial-modern
Urban sociology	social	industrial-modern
Victimology	social	industrial-modern
