family,seed,candidate_count,targeted,score_permuted,label_shuffled
sum,3000,1568,0.9675,0.6175,0.4975
sum,3001,1568,0.9725,0.5058333333333334,0.4866666666666667
sum,3002,1568,0.965,0.6283333333333333,0.53
sum,3003,1568,0.9733333333333334,0.6433333333333333,0.4775
sum,3004,1568,0.9666666666666667,0.6425,0.4116666666666667
sum,3005,1568,0.9641666666666666,0.6708333333333333,0.5358333333333334
sum,3006,1568,0.9758333333333333,0.48583333333333334,0.6275
sum,3007,1568,0.8775,0.505,0.49333333333333335
sum,3008,1568,0.9308333333333333,0.4875,0.5066666666666667
sum,3009,1568,0.9516666666666667,0.5225,0.5008333333333334
sum,3010,1568,0.9475,0.5233333333333333,0.47
sum,3011,1568,0.96,0.5241666666666667,0.49583333333333335
diff,3100,1568,0.9541666666666667,0.5241666666666667,0.5258333333333334
diff,3101,1568,0.9666666666666667,0.5508333333333333,0.5041666666666667
diff,3102,1568,0.9591666666666666,0.5091666666666667,0.4891666666666667
diff,3103,1568,0.96,0.6716666666666666,0.5558333333333333
diff,3104,1568,0.9758333333333333,0.5141666666666667,0.33166666666666667
diff,3105,1568,0.9858333333333333,0.5266666666666666,0.5191666666666667
diff,3106,1568,0.9116666666666666,0.48083333333333333,0.5125
diff,3107,1568,0.9333333333333333,0.5141666666666667,0.5225
diff,3108,1568,0.9491666666666667,0.6158333333333333,0.505
diff,3109,1568,0.975,0.4975,0.5325
diff,3110,1568,0.97,0.5166666666666667,0.49416666666666664
diff,3111,1568,0.975,0.5208333333333334,0.5133333333333333
prod,3200,1568,0.9433333333333334,0.5891666666666666,0.5425
prod,3201,1568,0.955,0.5,0.5591666666666667
prod,3202,1568,0.9583333333333334,0.5466666666666666,0.5491666666666667
prod,3203,1568,0.9716666666666667,0.5308333333333334,0.5858333333333333
prod,3204,1568,0.9725,0.5158333333333334,0.5075
prod,3205,1568,0.9775,0.5183333333333333,0.5366666666666666
prod,3206,1568,0.965,0.5158333333333334,0.47833333333333333
prod,3207,1568,0.915,0.535,0.5158333333333334
prod,3208,1568,0.9725,0.5466666666666666,0.5058333333333334
prod,3209,1568,0.9616666666666667,0.4875,0.5208333333333334
prod,3210,1568,0.9425,0.525,0.56
prod,3211,1568,0.9791666666666666,0.5225,0.5541666666666667
absdiff,3300,1568,0.9466666666666667,0.605,0.5016666666666667
absdiff,3301,1568,0.965,0.5141666666666667,0.49166666666666664
absdiff,3302,1568,0.9283333333333333,0.5466666666666666,0.5125
absdiff,3303,1568,0.9283333333333333,0.48,0.5691666666666667
absdiff,3304,1568,0.945,0.5091666666666667,0.5016666666666667
absdiff,3305,1568,0.9208333333333333,0.47833333333333333,0.5
absdiff,3306,1568,0.9466666666666667,0.5341666666666667,0.5208333333333334
absdiff,3307,1568,0.9333333333333333,0.57,0.61
absdiff,3308,1568,0.9583333333333334,0.5325,0.5783333333333334
absdiff,3309,1568,0.9641666666666666,0.49666666666666665,0.52
absdiff,3310,1568,0.9458333333333333,0.5991666666666666,0.6583333333333333
absdiff,3311,1568,0.9416666666666667,0.53,0.5683333333333334
radial,3400,1568,0.9591666666666666,0.4533333333333333,0.45416666666666666
radial,3401,1568,0.9716666666666667,0.6783333333333333,0.4875
radial,3402,1568,0.9566666666666667,0.43416666666666665,0.4825
radial,3403,1568,0.9691666666666666,0.4475,0.4216666666666667
radial,3404,1568,0.9658333333333333,0.48,0.4475
radial,3405,1568,0.9633333333333334,0.5016666666666667,0.4166666666666667
radial,3406,1568,0.9683333333333334,0.5016666666666667,0.51
radial,3407,1568,0.9708333333333333,0.5733333333333334,0.6183333333333333
radial,3408,1568,0.9658333333333333,0.6775,0.6125
radial,3409,1568,0.9433333333333334,0.5966666666666667,0.6075
radial,3410,1568,0.965,0.5141666666666667,0.5375
radial,3411,1568,0.9683333333333334,0.62,0.6508333333333334
min,3500,1568,0.9666666666666667,0.5483333333333333,0.7133333333333334
min,3501,1568,0.9358333333333333,0.7616666666666667,0.5966666666666667
min,3502,1568,0.9233333333333333,0.7008333333333333,0.715
min,3503,1568,0.9325,0.5083333333333333,0.5616666666666666
min,3504,1568,0.9608333333333333,0.49083333333333334,0.5141666666666667
min,3505,1568,0.9758333333333333,0.5958333333333333,0.6175
min,3506,1568,0.9758333333333333,0.7025,0.6308333333333334
min,3507,1568,0.9783333333333334,0.5408333333333334,0.7
min,3508,1568,0.9733333333333334,0.4791666666666667,0.63
min,3509,1568,0.9658333333333333,0.5933333333333334,0.7441666666666666
min,3510,1568,0.9425,0.9033333333333333,0.6575
min,3511,1568,0.9733333333333334,0.5241666666666667,0.6525
max,3600,1568,0.9483333333333334,0.69,0.5175
max,3601,1568,0.96,0.5033333333333333,0.48083333333333333
max,3602,1568,0.9375,0.5291666666666667,0.5516666666666666
max,3603,1568,0.9608333333333333,0.5366666666666666,0.48583333333333334
max,3604,1568,0.9666666666666667,0.7366666666666667,0.655
max,3605,1568,0.9241666666666667,0.6758333333333333,0.5908333333333333
max,3606,1568,0.9433333333333334,0.595,0.6858333333333333
max,3607,1568,0.9141666666666667,0.625,0.5483333333333333
max,3608,1568,0.9583333333333334,0.4791666666666667,0.605
max,3609,1568,0.9683333333333334,0.6158333333333333,0.6533333333333333
max,3610,1568,0.9483333333333334,0.68,0.6066666666666667
max,3611,1568,0.9466666666666667,0.4925,0.605