family,seed,candidate_count,logistic,tree,random_forest,ctds
sum,1000,1568,0.935,0.9125,0.8725,0.9608333333333333
sum,1001,1568,0.9383333333333334,0.8575,0.8591666666666666,0.98
sum,1002,1568,0.9425,0.9183333333333333,0.9016666666666666,0.97
sum,1003,1568,0.96,0.9141666666666667,0.8908333333333334,0.9566666666666667
sum,1004,1568,0.9375,0.845,0.8516666666666667,0.9633333333333334
sum,1005,1568,0.9341666666666667,0.8733333333333333,0.8675,0.9691666666666666
sum,1006,1568,0.9216666666666666,0.9116666666666666,0.8883333333333333,0.9391666666666667
sum,1007,1568,0.95,0.8691666666666666,0.8833333333333333,0.9333333333333333
sum,1008,1568,0.9316666666666666,0.8791666666666667,0.8966666666666666,0.9608333333333333
sum,1009,1568,0.9575,0.8958333333333334,0.8858333333333334,0.97
sum,1010,1568,0.9391666666666667,0.8308333333333333,0.8491666666666666,0.9591666666666666
sum,1011,1568,0.935,0.8958333333333334,0.8833333333333333,0.9591666666666666
diff,1100,1568,0.945,0.8725,0.8783333333333333,0.955
diff,1101,1568,0.9558333333333333,0.8791666666666667,0.885,0.9616666666666667
diff,1102,1568,0.9483333333333334,0.9216666666666666,0.8716666666666667,0.9666666666666667
diff,1103,1568,0.935,0.875,0.8883333333333333,0.9775
diff,1104,1568,0.9375,0.9016666666666666,0.875,0.9658333333333333
diff,1105,1568,0.9366666666666666,0.8991666666666667,0.8925,0.9358333333333333
diff,1106,1568,0.95,0.8383333333333334,0.8691666666666666,0.975
diff,1107,1568,0.9408333333333333,0.9,0.895,0.9391666666666667
diff,1108,1568,0.9566666666666667,0.8491666666666666,0.8741666666666666,0.9458333333333333
diff,1109,1568,0.9608333333333333,0.8833333333333333,0.9075,0.9283333333333333
diff,1110,1568,0.9375,0.8583333333333333,0.8716666666666667,0.9491666666666667
diff,1111,1568,0.9383333333333334,0.895,0.8575,0.9625
prod,1200,1568,0.49166666666666664,0.9591666666666666,0.7408333333333333,0.9425
prod,1201,1568,0.5183333333333333,0.6283333333333333,0.7616666666666667,0.9558333333333333
prod,1202,1568,0.6025,0.7441666666666666,0.6958333333333333,0.95
prod,1203,1568,0.68,0.9333333333333333,0.8375,0.9533333333333334
prod,1204,1568,0.5575,0.8525,0.825,0.9516666666666667
prod,1205,1568,0.53,0.675,0.7666666666666667,0.9691666666666666
prod,1206,1568,0.5166666666666667,0.5891666666666666,0.7033333333333334,0.9475
prod,1207,1568,0.5125,0.6733333333333333,0.77,0.9791666666666666
prod,1208,1568,0.5016666666666667,0.8875,0.705,0.9633333333333334
prod,1209,1568,0.5,0.6133333333333333,0.7333333333333333,0.9833333333333333
prod,1210,1568,0.505,0.4975,0.6925,0.9708333333333333
prod,1211,1568,0.49083333333333334,0.5483333333333333,0.6783333333333333,0.9541666666666667
absdiff,1300,1568,0.5008333333333334,0.8033333333333333,0.7808333333333334,0.9608333333333333
absdiff,1301,1568,0.5108333333333334,0.8258333333333333,0.735,0.9816666666666667
absdiff,1302,1568,0.6108333333333333,0.53,0.6425,0.9716666666666667
absdiff,1303,1568,0.6225,0.505,0.6766666666666666,0.9416666666666667
absdiff,1304,1568,0.47833333333333333,0.8433333333333334,0.7025,0.9641666666666666
absdiff,1305,1568,0.5175,0.605,0.7075,0.9308333333333333
absdiff,1306,1568,0.4741666666666667,0.71,0.67,0.9483333333333334
absdiff,1307,1568,0.5941666666666666,0.6266666666666667,0.7,0.9241666666666667
absdiff,1308,1568,0.495,0.6983333333333334,0.6575,0.95
absdiff,1309,1568,0.5875,0.7525,0.6933333333333334,0.9366666666666666
absdiff,1310,1568,0.4975,0.7933333333333333,0.6591666666666667,0.9675
absdiff,1311,1568,0.5875,0.7225,0.6783333333333333,0.9575
radial,1400,1568,0.5858333333333333,0.9333333333333333,0.9008333333333334,0.9458333333333333
radial,1401,1568,0.4875,0.8833333333333333,0.8516666666666667,0.9733333333333334
radial,1402,1568,0.44333333333333336,0.8125,0.8583333333333333,0.9633333333333334
radial,1403,1568,0.52,0.8983333333333333,0.905,0.9691666666666666
radial,1404,1568,0.49166666666666664,0.9041666666666667,0.8825,0.9683333333333334
radial,1405,1568,0.42583333333333334,0.8716666666666667,0.8475,0.9716666666666667
radial,1406,1568,0.5091666666666667,0.8683333333333333,0.8958333333333334,0.9541666666666667
radial,1407,1568,0.4841666666666667,0.8858333333333334,0.8966666666666666,0.95
radial,1408,1568,0.4925,0.9116666666666666,0.8491666666666666,0.9641666666666666
radial,1409,1568,0.4975,0.8558333333333333,0.8658333333333333,0.9783333333333334
radial,1410,1568,0.5283333333333333,0.8966666666666666,0.8691666666666666,0.97
radial,1411,1568,0.4816666666666667,0.8441666666666666,0.8733333333333333,0.9691666666666666
min,1500,1568,0.9025,0.9791666666666666,0.8991666666666667,0.9633333333333334
min,1501,1568,0.8591666666666666,0.9825,0.9758333333333333,0.9833333333333333
min,1502,1568,0.9083333333333333,0.9575,0.9491666666666667,0.9266666666666666
min,1503,1568,0.8716666666666667,0.9691666666666666,0.9783333333333334,0.9883333333333333
min,1504,1568,0.8591666666666666,0.9516666666666667,0.9725,0.9558333333333333
min,1505,1568,0.8458333333333333,0.9758333333333333,0.9783333333333334,0.96
min,1506,1568,0.8975,0.9516666666666667,0.9441666666666667,0.9475
min,1507,1568,0.865,0.9666666666666667,0.9633333333333334,0.9433333333333334
min,1508,1568,0.9041666666666667,0.9725,0.9658333333333333,0.9725
min,1509,1568,0.8825,0.9725,0.9508333333333333,0.9533333333333334
min,1510,1568,0.8758333333333334,0.9391666666666667,0.9525,0.9591666666666666
min,1511,1568,0.8616666666666667,0.9825,0.9758333333333333,0.9666666666666667
max,1600,1568,0.8991666666666667,0.975,0.9675,0.9383333333333334
max,1601,1568,0.8833333333333333,0.9191666666666667,0.9425,0.9616666666666667
max,1602,1568,0.9025,0.975,0.97,0.9675
max,1603,1568,0.8891666666666667,0.9558333333333333,0.9575,0.9625
max,1604,1568,0.8708333333333333,0.9833333333333333,0.9725,0.9766666666666667
max,1605,1568,0.8691666666666666,0.9791666666666666,0.9758333333333333,0.9666666666666667
max,1606,1568,0.895,0.9366666666666666,0.9725,0.9441666666666667
max,1607,1568,0.9075,0.9775,0.9841666666666666,0.9575
max,1608,1568,0.875,0.9783333333333334,0.96,0.9525
max,1609,1568,0.8641666666666666,0.8541666666666666,0.9591666666666666,0.9433333333333334
max,1610,1568,0.9008333333333334,0.95,0.9566666666666667,0.9466666666666667
max,1611,1568,0.8741666666666666,0.9791666666666666,0.9508333333333333,0.9783333333333334