family,seed,candidate_count,logistic_accuracy,tree_accuracy,random_forest_accuracy,ctds_accuracy,logistic_balanced,tree_balanced,random_forest_balanced,ctds_balanced
prime,5000,1564,0.593125,0.74625,0.65875,0.534375,0.5008957526937965,0.7021393451197824,0.5836907626320745,0.5610877183805838
prime,5001,1563,0.5575,0.78625,0.67375,0.52875,0.5007346077357036,0.7366451560534113,0.6240350663582126,0.553399082754982
prime,5002,1564,0.60125,0.734375,0.651875,0.48375,0.5079589097006741,0.6627859708132332,0.5776565350590341,0.5576744346149874
prime,5003,1565,0.546875,0.655625,0.6075,0.595625,0.5136300596998603,0.6713616307025959,0.583458018720206,0.5593137912808047
prime,5004,1566,0.5775,0.709375,0.655,0.49125,0.49476760875805736,0.6355039275555208,0.5943918160703567,0.5590764372765469
prime,5005,1566,0.57625,0.854375,0.6875,0.528125,0.5101646650984276,0.8579051628079732,0.6264784779827494,0.5660558788329
gcd,5100,1567,0.55875,0.641875,0.6325,0.550625,0.5089661669796386,0.5874425594913831,0.5791413244803917,0.5152710038389807
gcd,5101,1565,0.494375,0.581875,0.57375,0.515,0.4940575771084895,0.5778331168239754,0.570760211492093,0.5089695592636445
gcd,5102,1566,0.54375,0.656875,0.6375,0.545625,0.4997919046907414,0.5967908328793803,0.5932146466959447,0.5039642558142151
gcd,5103,1565,0.55375,0.605625,0.626875,0.550625,0.4985385385385385,0.5424024024024023,0.5918118118118119,0.5212612612612613
gcd,5104,1563,0.541875,0.59375,0.596875,0.4675,0.5018495436452093,0.5690322061839089,0.5556390977443609,0.48901933979333356
gcd,5105,1564,0.50625,0.653125,0.573125,0.5125,0.49580068043266395,0.5875153932236099,0.5578929707356155,0.5137908833582996
mod3,5200,1567,0.674375,0.645625,0.65,0.439375,0.49953703703703706,0.4946937321937322,0.49793447293447296,0.5448361823361824
mod3,5201,1568,0.630625,0.636875,0.63875,0.458125,0.5041141166058193,0.5071703175129992,0.5008850536563779,0.49289882730390533
mod3,5202,1563,0.6275,0.5725,0.635,0.445,0.48041223515655773,0.4797776981635858,0.49597978037177454,0.49811332189027857
mod3,5203,1564,0.620625,0.553125,0.62125,0.623125,0.5046257107434483,0.4781710914454277,0.5026976187422513,0.5736693600102604
mod3,5204,1565,0.650625,0.614375,0.638125,0.529375,0.5031071294717879,0.5039914264643146,0.5046477406384555,0.503887797910503
mod3,5205,1566,0.64625,0.58875,0.646875,0.52375,0.49500349406009786,0.49930118798043327,0.49774633123689727,0.5315513626834382
xor3,5300,1564,0.51375,0.51875,0.553125,0.49875,0.5124111064753395,0.5160332587963766,0.5518930355605352,0.4992475986442712
xor3,5301,1564,0.5525,0.46875,0.51125,0.479375,0.5461917200684043,0.471416759062635,0.506514698789143,0.4870943190573732
xor3,5302,1563,0.51625,0.534375,0.531875,0.4975,0.515322296583304,0.5304958710030918,0.5287033775586083,0.4979609408633713
xor3,5303,1565,0.533125,0.5225,0.543125,0.5,0.5313888788948662,0.5172673248121689,0.540977926419312,0.5038223226143529
xor3,5304,1566,0.495625,0.540625,0.49,0.499375,0.4969892473118279,0.5484066471163245,0.49255131964809384,0.5010948191593353
xor3,5305,1566,0.48,0.500625,0.508125,0.504375,0.4801432535813395,0.5021281782044551,0.5083720843021076,0.5035969649241231
sine,5400,1565,0.51375,0.508125,0.499375,0.486875,0.5144845090145282,0.5065420969718186,0.4997218124077918,0.48539983996399194
sine,5401,1568,0.49,0.5275,0.494375,0.490625,0.49059623849539813,0.5291366546618648,0.49583583433373346,0.4896333533413365
sine,5402,1562,0.49875,0.51375,0.509375,0.50875,0.49797598713641283,0.5052242681332157,0.5113979766127973,0.5114026690692044
sine,5403,1560,0.525625,0.525625,0.524375,0.51125,0.5280956848030018,0.5259068167604752,0.5268449030644152,0.5092245153220762
sine,5404,1564,0.504375,0.513125,0.505,0.4775,0.5046680700569952,0.5130931004142971,0.5054736911197273,0.47728086091276634
sine,5405,1567,0.493125,0.490625,0.47875,0.504375,0.4944993346978152,0.4900603384519645,0.4812143992970156,0.5004378016727151
checker,5500,1562,0.49625,0.498125,0.496875,0.518125,0.49996248100600926,0.5032031841119566,0.5003486139858304,0.5118450590611496
checker,5501,1560,0.501875,0.490625,0.51,0.56875,0.5021703430204487,0.4913139403522862,0.5100118595417749,0.567365791081437
checker,5502,1565,0.5,0.515,0.506875,0.50125,0.4899550149845775,0.507370284863387,0.4989316840913215,0.5038134029068203
checker,5503,1564,0.50875,0.5075,0.4925,0.55625,0.4986953030911281,0.5086561621838619,0.4829887595343235,0.5776796467282216
checker,5504,1565,0.49875,0.513125,0.50375,0.504375,0.502031614707671,0.5165186925750306,0.5078661557534797,0.507882571262853
checker,5505,1564,0.49125,0.523125,0.52125,0.524375,0.493960256610859,0.5142153027695197,0.5225473321858864,0.524855265216711